207,ACTGATGGCCTC
209,TGTGGCTCGTGT
210,AACTTTCAGGAG
212,GTTCGGTGTCCA
213,AAGACAGCTATC
214,ATTGACCGGTCA
217,ATTTAGGACGAC
218,GGATAGCCAAGG
219,TGGTTGGTTACG
220,GTCGTCCAAATG
221,CAACGTGCTCCA
222,TACACAAGTCGC
223,GCGTCCATGAAT
224,GTAATGCGTAAC
225,GTCGCCGTACAT
226,GGAATCCGATTA
227,CACCCGATGGTT
228,TTCTGAGAGGTA
229,ATCCCTACGGAA
230,GGTTCCATTAGG
231,GTGTTCCCAGAA
232,CCGAGGTATAAT
233,AGCGTAATTAGC
234,CTCGTGAATGAC
235,AGGTGAGTTCTA
236,CCTGTCCTATCT
237,GGTTTAACACGC
238,AGACAGTAGGAG
239,GCCACGACTTAC
240,ATTGTTCCTACC
241,GCCGTAAACTTG
242,GCAGATTTCCAG
243,AGATGATCAGTC
244,GAGACGTGTTCT
245,TATCACCGGCAC
246,TATGCCAGAGAT
247,AGGTCCAAATCA
248,ACCGTGCTCACA
249,CTCCCTTTGTGT
250,AGCTGCACCTAA
251,CCTTGACCGATG
252,CTATCATCCTCA
253,ACTCTAGCCGGT
254,CGATAGGCCTTA
256,CTTAGGCATGTG
257,CCAGATATAGCA
258,GAGAGTCCACTT
259,GAACGGGACGTA
261,GGTCTCCTACAG
262,ACTGACTTAAGG
263,GATGCTGCCGTT
264,TTCCTAGGCCAG
266,TGGCTTTCTATC
267,ACAGCTCAAACA
268,GAGCGTATCCAT
269,ATGGGCGAATGG
270,GATCTCTGGGTA
271,CATCATACGGGT
272,TACGGATTATGG
273,ATAGCGAACTCA
274,TAACGCTGTGTG
275,AACCAAACTCGA
276,GCCGTCTCGTAA
277,CTGGGTATCTCG
278,GACTACCCGTTG
279,GCGTTGCAAACT
280,AACCGCATAAGT
281,ACCTTACACCTT
282,GTAGGTGCTTAC
283,CGCATTTGGATG
284,ATAACATGTGCG
285,CTTGAGAAATCG
286,CTACACAGCACA
287,GAAATGCTACGT
288,TCTGAGGTTGCC
289,GATCATTCTCTC
290,AGACATACCGTA
291,GATCCTCATGCG
292,ATTATCGTCCCT
293,CCAGACCGCTAT
294,AGCTCTAGAAAC
295,TCCATCGACGTG
296,CGATGTGTGGTT
297,GCGAAGTTGGGA
298,GCATTCGGCGTT
299,CGCCATTGTGCA
300,TCCAACTGCAGA
301,TAAAGACCCGTA
302,TGTATCTTCACC
303,GACTGACTCGTC
304,TCGTGGATAGCT
305,GACGCACTAACT
307,TAAGGCATCGCT
308,ACCCATACAGCC
309,CGCACTACGCAT
310,CAGTCGTTAAGA
311,CTACGAAAGCCT
312,ATAATTGCCGAG
313,GGCATGTTATCG
314,AGGCACAGTAGG
315,CTACTTACATCC
316,CTCTTCTGATCA
317,ATGCTAACCACG
318,ACCAATCTCGGC
319,TATCCAAGCGCA
320,GTACTGAAGATC
321,TCGCCGTGTACA
322,AACTGCGATATG
323,CTTCCAACTCAT
324,GAGATCGCCTAT
325,TGTACATCGCCG
326,TGTTAAGCAGCA
327,ACGGCGTTATGT
328,ACTTTGCTTTGC
329,CAAAGCGGTATT
330,CGAAACTACGTA
331,GAGGACCAGCAA
332,AATAGCATGTCG
333,CGGAGTAATCCT
334,CTGTGTCCATGG
335,CTTCGCGGATGT
336,ATAGGCTGTAGT
337,TGTGTAGCCATG
338,AAGGGCGCTGAA
339,GTTTCCGTGGTG
340,AGGAACCAGACG
341,TAATGCCCAGGT
342,TATGAACGTCCG
343,CCACATTGGGTC
344,TCAGTCAGATGA
345,AAGTCACACACA
346,GCTGTGATTCGA
347,CTAGCTATGGAC
348,CTTGACGAGGTT
349,ACCTGGGAATAT
350,CTCTGCCTAATT
351,ATATGACCCAGC
352,CTCTATTCCACC
353,ATTGAGTGAGTC
355,GCTAGTTATGGA
356,CAGATTAACCAG
357,GGCTGCATACTC
358,TTGGTAAAGTGC
359,AAGTGGCTATCC
361,TCGATTGGCCGT
362,GCATTACTGGAC
363,TTGGGCCACATA
364,CACACAAAGTCA
365,GCCAAGGATAGG
366,CGCCACGTGTAT
367,GCAACCGATTGT
368,CATGTGCTTAGG
369,GTTCCTCCATTA
371,GTTCACGCCCAA
372,CGATCGAACACT
373,CATGCCAACATG
374,GAGTACAGTCTA
375,CCTACATGAGAC
376,TCCGTGGTATAG
377,TCTACGGCACGT
378,ATGCTGCAACAC
379,TTCTCATGGAGG
380,CATAGTGATTGG
381,GCTATCAAGACA
382,CCGTGACAACTC
383,CGTTCCTTGTTA
384,GGAATTATCGGT
385,CATCAAGCATAG
386,CATCGCGTTGAC
387,GCACATAGTCGT
388,GGCAAATACACT
389,GTCATGCTCCAG
390,CCTAGTAAGCTG
391,TTACCGACGAGT
392,GCTTAGATGTAG
393,AAGACGTAGCGG
394,TTACCTTACACC
395,TGACTAATGGCC
396,CTCTCTCACTTG
397,ATTGCAAGCAAC
398,CACGTGACATGT
399,CACAGTTGAAGT
400,CTAGGATCACTG
401,GATGACCCAAAT
404,CAATCGGCTTGC
405,AACACTCGATCG
406,TGACCGGCTGTT
407,GGAGGAGCAATA
408,AGCGACGAAGAC
409,CTTCCCTAACTC
410,TGGAAGAACGGC
411,GCTAGACACTAC
412,TTGGATTGAACG
413,GATATACCAGTG
414,AACAAACTGCCA
415,GTAGACATGTGT
417,CAAGCCCTAGTA
418,TAGTGTCGGATC
419,CTGAGCTCTGCA
420,CTTCGACTTTCC
421,GTCATAAGAACC
422,GTCCGCAAGTTA
423,CGTAGAGCTCTC
424,CCTCTGAGAGCT
425,CCTCGATGCAGT
426,GCGGACTATTCA
427,CGTGCACAATTG
428,CGGCCTAAGTTC
429,AGCGCTCACATC
430,TGGTTATGGCAC
431,CGAGGTTCTGAT
433,TAATGGTCGTAG
434,TTGCACCGTCGA
436,ATGGCCTGACTA
437,ACGCACATACAA
439,GATAGCACTCGT
440,TAGCGCGAACTT
441,CATACACGCACC
442,ACCTCAGTCAAG
443,TCGACCAAACAC
444,CCACCCAGTAAC
445,ATATCGCGATGA
446,CGCCGGTAATCT
447,CCGATGCCTTGA
448,AGCAGGCACGAA
449,TACGCAGCACTA
450,CGCTTAGTGCTG
451,CAAAGTTTGCGA
452,TCGAGCCGATCT
453,CTCATCATGTTC
454,CCAGGGACTTCT
455,GCAATCCTTGCG
456,CCTGCTTCCTTC
457,CAAGGCACAAGG
458,GGCCTATAAGTC
459,TCCATTTCATGC
460,TCGGCGATCATC
461,GTTTCACGCGAA
462,ACAAGAACCTTG
463,TACTCTCTTAGC
464,AACTGTTCGCGC
465,CGAAGCATCTAC
466,GTTTGGCCACAC
468,TCATTCCACTCA
469,GTCACATCACGA
470,CGACATTTCTCT
471,GGACGTTAACTA
473,CACGCTATTGGA
474,AACTTCACTTCC
475,CCAGTGGATATA
476,TGTGTGTAACGC
477,CCAATCGTGCAA
479,GTCACTCCGAAC
480,CACCGAAATCTG
481,TGACGTAGAACT
482,CTATGCCGGCTA
484,TGTACCAACCGA
485,AGGGTACAGGGT
486,AGAGTGCTAATC
487,TTGGCGGGTTAT
488,CACGATGGTCAT
489,GTCACCAATCCG
490,CACTAACAAACG
491,TTCCAGGCAGAT
492,TATGGTACCCAG
493,CACGACTTGACA
494,CTTGGAGGCTTA
496,GACGCTTTGCTG
497,ACAGGGTTTGTA
498,GCCTATGAGATC
499,CAAACCTATGGC
500,ATCGCTTAAGGC
501,ACCATCCAACGA
502,GCAATAGGAGGA
503,CCGAACGTCACT
504,ACACCAACACCA
505,CCATCACATAGG
506,CGACACGGAGAA
507,GAACCTATGACA
508,ATGCCGGTAATA
509,GAACAGCTCTAC
510,GTGAGTCATACC
511,TGGCCGTTACTG
512,TAGAGCTGCCAT
513,ATCTAGTGGCAA
514,CCTTCAATGGGA
515,TTGACGACATCG
516,ACATACTGAGCA
517,GGCTAAACTATG
518,AAGAGCAGAGCC
519,GGAGAGATCACG
520,TCAACCCGTGAA
521,GTTTGAAACACG
523,TCGCCAGTGCAT
524,GCTCAGGACTCT
525,CACTTTGGGTGC
526,TCTAGCCTGGCA
527,AATGCAATGCGT
528,CGAATGAGTCAT
529,CAACGCTAGAAT
530,ATCAGAGCCCAT
531,TCTGTAGAGCCA
532,CCGACTCTAGGT
533,ATCCTACGAGCA
534,GACAACGAATCT
535,TGCGGTTGACTC
536,TGAGAAGAAAGG
537,TCGGATCTGTGA
538,GCCGGTACTCTA
539,CACAGGATTACC
540,CGATATCAGTAG
541,CATAAGGGAGGC
542,TGTGTTACTCCT
543,GGTACCTGCAAT
544,TCGCCTATAAGG
545,AGTGGCACTATC
546,TAACCCGATAGA
547,GTGTGCTAACGT
548,CTTGCGGCAATC
549,TGAGGTTTGATG
550,ATTGCTGGTCGA
551,AAGAAGCCGGAC
552,ACGGGATACAGG
553,AAGAGTCTCTAG
554,TCCGTCATGGGT
555,AGATCTATGCAG
556,GCACAAGGCAAG
557,CGGCAAACACTT
558,GCGAGTTCCTGT
559,TTCCGAATCGGC
560,TACCTAGTGAGA
561,CGTTCTGGTGGT
562,TTGGTCTCCTCT
563,CTGCATACTGAG
564,CAGGGCCTTTGT
565,CGATGAATATCG
566,GTCAATTAGTGG
567,AGTACGCAGTCT
568,AGCAGCTATTGC
569,CTCGGATAGATC
570,TTCCCGAAACGA
571,GAACTTTAGCGC
572,TCCTTAGAAGGC
573,GATGGACTTCAA
574,TACTGAGCCTCG
575,AGAAGGCCTTAT
576,TGGAGCCTTGTC
577,CTCGATGTAAGC
578,AGCTTCGACAGT
579,ATACGCATCAAG
580,AGATGTCCGTCA
581,GCACCTGTTGAA
583,GAGGTTCTTGAC
584,CTGTAAAGGTTG
587,CTCTAGAAGAGT
588,TGCACAGTCGCT
589,CATGCGGATCCT
591,TGATAGGTACAC
592,CGAGTTCATCGA
593,AAGCAGATTGTC
594,TAGAGGCGTAGG
595,TCAGCGCCGTTA
596,TAGACCGACTCC
597,GTCAACGCTGTC
598,ACAGGAGGGTGT
599,GCTGTCGTCAAC
600,ATAGAGGCCATT
601,AAGCTTGAAACC
602,TAAGCGTCTCGA
603,ATAGCTTCGTGG
604,CGGGATCAAATT
605,AGTCATCGAATG
606,ATCTTGGAGTCG
608,GCAAATCAGCCT
609,GCAAGCTGTCTC
610,AGCGGCCTATTA
611,TCTTCAACTACC
612,TGGAATTCGGCT
613,TAAGATGCAGTC
614,TGCCGAGTAATC
615,ACCTTGACAAGA
616,GTAACCACCACC
617,CATAGCTCGGTC
618,AACCATGCCAAC
619,TATGGAGCTAGT
620,ACTACCTCTTCA
621,GATGATAACCCA
622,GGCCCAATATAA
623,TTGTATGACAGG
624,GGTAAGTTTGAC
625,CTACCACGGTAC
626,CGGTCTGTCTGA
627,GTACATGTCGCC
628,TTCTAGAGTGCG
629,ACGGATGTTATG
630,TTGAGGCTACAA
631,GTAGGAACCGGA
632,ACATCTAGCAGA
633,CCGACATTGTAG
634,CATGTAAGGCTC
635,TGCAAGCTAAGT
636,GTGTGTGCCATA
637,TGACAACCGAAT
638,TAGGCTCGTGCT
639,CTCCTTAAGGCG
640,TTGCCTGGGTCA
642,ACTGGCAAACCT
643,AATCAGAGCTTG
644,CAATGTAGACAC
645,TGGCGATACGTT
646,GCCTTACGATAG
647,TACCTGTGTCTT
649,GAAGACAGCGAC
650,ACACCTGCGATC
651,GGCGTTGCATTC
652,ACTAGCGTTCAG
653,TTGCGACAAAGT
654,TGCGAGTATATG
655,TACCACAACGAA
656,TCTGGAACGGTT
657,GTACTACCTCGG
658,TTCCTGTTAACC
661,GTGTCCGGATTC
662,TGTGGTGATGTA
663,CTTTCGTTCAAC
664,CCGAAGATTCTG
665,GTTGGCGTTACA
666,GAAGTAGCGAGC
667,TTGCGGACCCTA
668,GCGGAAACATGG
670,TGCATGACAGTC
671,TCAATCGCTTTC
672,CTACCGATTGCG
673,TCACCCAAGGTA
674,AGCCAGTCATAC
675,TAACGGCGCTCT
677,CAAACGCACTAA
679,GCTAAGTGATGT
680,AAGGGACAAGTG
681,AGTGTCGATTCG
682,CTATTAAGCGGC
683,CCTACCATTGTT
684,GAGTCCGTTGCT
686,TAAACCTGGACA
687,CCGAATTGACAA
688,CTGGCATCTAGC
689,GGTGGTCGTTCT
690,ACTATGGGCTAA
691,GCATTGAGTTCG
692,GTTGCTGAGTCC
694,GGACCAAGGGAT
695,GTATTGGTCAGA
696,AGAACCGTCATA
697,AACTGGAACCCT
698,ATACTCGGCTGC
699,ACGCTTAACGAC
700,AGCTTACCGACC
701,AGGGCTATAGTT
702,TGTCTCGCAAGC
703,CAGCCGCATATC
704,GATACGTTCGCA
707,GAGTTAGCATCA
708,TGTAGTATAGGC
709,CTCACGCAATGC
710,GTCCCGTGAAAT
711,GGACAGTGTATT
712,ACACGACTATAG
713,GTGTAGGTGCTT
714,TGAACTAGCGTC
715,TCCGAGTCACCA
716,TCCTCTTTGGTC
717,TCCACCCTCTAT
718,TCGTGACGCTAA
719,ACGGCTAGTTCC
720,GCACTGGCATAT
721,GGCATTAGTTGA
723,TGAAAGCGGCGA
724,GGTTACGGTTAC
725,ACATCAGGTCAC
726,GTTGATACGATG
727,CAGACACTTCCG
728,TCACCATCCGAG
729,ACCCACCACTAG
730,CAGAAGGTGTGG
731,GAAGCTTGAATC
732,ACTAGGATCAGT
733,GCTCCTTAGAAG
734,TCCCATTCCCAT
735,TGGCGTCATTCG
737,CTGGACGCATTA
738,ACCGATTAGGTA
740,TACGTACGAAAC
741,ATCACATTCTCC
742,AGCCTGGTACCT
743,GCTAAAGTCGTA
744,TCTCAGCGCGTA
745,GACCCTAGACCT
746,TATTCAGCGGAC
747,GTTCCGGATTAG
748,GCGTGTAATTAG
749,CTGTAGCTTGGC
750,ATGCCTCGTAAG
752,CTGTTACAGCGA
753,CAGTCAGGCCTT
754,ACTGAGCTGCAT
755,ACGAAGTCTACC
756,ACCGTCTTTCTC
758,CCGCACTCAAGT
759,TGTGGAAACTCC
760,TTAGGCAGGTTC
761,TAAGACTACTGG
762,CGCGAAGTTTCA
763,CGATACACTGCC
764,TTGAAATCCCGG
765,GTTAGGGAGCGA
766,TTACTGTGGCCG
767,ATATAAGGCCCA
768,ACGTAACCACGT
769,GTCGGAAATTGT
770,TCTAACGAGTGC
771,CATCTGGGCAAT
772,TGTCCGTGGATC
773,ACTCGGCCAACT
774,GTTGGTTGGCAT
775,TTCCACACGTGG
776,AACCCAGATGAT
777,GTAGTGTCAACA
778,TGGAGAGGAGAT
779,CGTATAAATGCG
780,AATACAGACCTG
781,GACTCAACCAGT
782,GGAAGAAGTAGC
783,ATCGATCCACAG
784,ACACCGCACAAT
785,GTCTCCTCCCTT
786,GTAGCACTCATG
787,CACCTGTAGTAG
788,CACGAGCTACTC
789,TCTCGATAAGCG
790,TAGACACCGTGT
791,AGACAAGCTTCC
792,TCCGCAACCTGA
793,TCACTTGGTGCG
794,TTATGTACGGCG
796,TCCAGGGCTATA
797,GCGTAGAGAGAC
798,GAAACTCCTAGA
799,ATCGGGCTTAAC
800,TACGCCCATCAG
801,AAGATCGTACTG
802,ACTCATCTTCCA
803,GAGATACAGTTC
804,GCATGCATCCCA
805,GATCTAATCGAG
806,AATCTTGCGCCG
807,GGAAATCCCATC
808,GACCGTCAATAC
809,TTGGAACGGCTT
810,TCCTAGGTCCGA
811,TCCTCACTATCA
812,GCCTGCAGTACT
813,GCCCAAGTTCAC
814,ATAAAGAGGAGG
815,GCGCCGAATCTT
818,ACACAGTCCTGA
819,ATTATACGGCGC
820,ATTCAGATGGCA
821,TAAACGCGACTC
822,CCTCGGGTACTA
823,TTCACCTGTATC
824,CTCCAGGTCATG
825,CAGGATTCGTAC
826,CGCATACGACCT
827,GCCTCGTACTGA
828,ACCAACAGATTG
829,GTGGCCTACTAC
830,TTCCCTTCTCCG
831,CATTTGACGACG
832,AAGTGAAGCGAG
833,TGCCGCCGTAAT
834,AACCTCGGATAA
835,GTGCTTGTGTAG
836,CAACTAGACTCG
837,AGTGCCCTTGGT
838,GGAACGACGTGA
839,TGTCAGCTGTCG
840,CTGGTGCTGAAT
841,GACAGAGGTGCA
842,TCAGACCAACTG
843,AGTGATGTGACT
844,CTTAGCTACTCT
846,CACGTTTATTCC
847,GAAACGGAAACG
849,CGTCGTCTAAGA
851,GACTTATGCCCG
852,GTGACGTTAGTC
853,GAGTCTTGGTAA
854,TCGTCGCCAAAC
855,AACATGCATGCC
856,GTCTGTTGAGTG
857,TGAGTTCGGTCC
858,TTACGTGGCGAT
859,CAATGCCTCACG
861,AATCAACTAGGC
862,GTGAGGGCAAGT
863,CGTGGGCTCATT
864,CGTACCAGATCC
865,ATGTTTAGACGG
866,ACATGTCACGTG
867,CTTTAGCGCTGG
868,CTGGTCTTACGG
869,CAAGTCGAATAC
870,GCAAGTGTGAGG
871,CTCGGTCAACCA
872,ACCCTATTGCGG
873,TCCGTTCGTTTA
874,ACCACCGTAACC
875,CATTTCGCACTT
876,TTAAGCGCCTGA
877,TGCGGGATTCAT
878,CAAACTGCGTTG
880,GACCGATAGGGA
881,GGCGAACTGAAG
882,CGGCACTATCAC
883,AGGTGGTGGAGT
884,ATTCCCAGAACG
885,AGACGTTGCTAC
886,AGAATAGCGCTT
887,AAGCGTACATTG
888,GTTATGACGGAT
889,AGCCTCATGATG
890,GTGTATCGCCAC
891,CCAAACTCGTCG
892,ACGTGAGGAACG
893,TGAATCGAAGCT
894,CTGCAGTAAGTA
895,TATAGGCTCCGC
897,CTTCCGCAGACA
898,GCACTATACGCA
899,TCTGGGCATTGA
900,CCAATGATAAGC
901,TTAAACCGCGCC
902,CTTGCATACCGG
903,GTGCACGATAAT
904,GGTCTAGGTCTA
905,TCAGGACGTATC
906,GAAAGGTGAGAA
907,GAATATACCTGG
908,GTCGCTTGCACA
909,TCTACCACGAAG
910,AATATCGGGATC
911,TAGTGCATTCGG
912,TCAATGACCGCA
913,CTATCGGAAGAT
914,CGGATTGCTGTA
915,GGTACTGTACCA
916,ATCGAATCGAGT
917,CTAGCAGTATGA
919,GTATGGAGCTAT
920,CCTTCTGTATAC
921,ACGCTGTCGGTT
922,CTCGTTTCAGTT
923,GCGAACCTATAC
924,CTCTCATATGCT
925,CCAGTATCGCGT
926,TCGTTTCTTCAG
927,AGTACCTAAGTG
928,GGATGCAGGATG
929,CCACTTGAGAGT
930,GCACTTCATTTC
931,AGAATCCACCAC
932,CTCAAGTCAAAG
933,GTACCTAGCCTG
934,CACTGAGTACGT
935,TCAAGCAATACG
936,CATGTTGGAACA
937,ATGGGACCTTCA
938,GCTATTCCTCAT
939,GTCTCTGAAAGA
941,GTCAAGACCTCA
942,TTGTTACGTTCC
943,CAGTTCGAGATA
944,AATGTCACCAGA
945,CAGCCTGCAAAT
946,TTGCAAGTACCG
947,GCTTCTCTCACT
948,CGAGATAGTTTG
949,CGCGTCAAACTA
950,TTGACACACGAC
951,ATAAGGTCGCCT
952,TTGCCCTTTGAT
953,CCTGGAATTAAG
954,TGAGACCCTACA
955,AAGTATCCTGCG
956,CAAATGGTCGTC
957,ACACATAAGTCG
958,TACTGCCAGTGA
959,GAGTTTACGGTC
960,GGCACACCCTTA
961,GTCCAGCTATGA
962,TCGCGCAACTGT
963,ATTCCTCTCCAC
964,TGGTTCATCCTT
965,AGCACTTTGAGA
966,CCACGGTACTTG
967,ACTAGTTGGACC
968,GATCAACCCACA
969,ATGCGAGACTTC
970,CGCTTGTGTAGC
971,ATGAATGCGTCC
972,GACTCTGCTCAG
973,CACGTACACGTA
974,CAGAGCTAATTG
975,TTATCCAGTCCT
976,CTAAGACGTCGT
977,GGCTCAGATTCC
978,CTTGGTAGTGCC
979,GTGCTGCGCTTA
980,AGTAGGAGGCAC
981,ACCCGGATTTCG
982,CGTCCGTATGAA
983,CGATTAGGAATC
984,ACGTCTCAGTGC
985,TAGTAGCACCTG
986,AGGTCATCTTGG
987,TGCTGTGACCAC
988,ACACTTCGGCAA
989,ACCTCCCGGATA
990,GAAGAGGGTTGA
991,AGTAGACTTACG
992,TGGAAACCATTG
993,AGTCCGAGTTGT
994,CCGCGATTTCGA
995,ACACACCCTGAC
996,TCACGAGTCACA
997,CACAAAGCGATT
998,CACCGTGACACT
999,GAAGATCTATCG
1001,GGACCGCTTTCA
1002,CACGGTCCTATG
1003,GAATGACGTTTG
1004,ACTTACGCCACG
1005,ACGCCTTTCTTA
1006,TTGGTGCCTGTG
1008,CATGTCTTCCAT
1009,GTTACAGTTGGC
1010,CGGACTCGTTAC
1011,TCTCGCACTGGA
1012,TTCTGGTCTTGT
1013,GTCCACTTGGAC
1014,GATTTAGAGGCT
1015,GTCAGCCGTTAA
1016,ACGGTTTCTGGA
1017,GCAGCCATATTG
1018,ATAGGTGTGCTA
1019,ACCTAGCTAGTG
1020,GTCCTGACACTG
1022,ATACGGGTTCGT
1023,CCTTTCACCTGT
1024,ATCAGCCAGCTC
1025,GCTCCACAACGT
1026,AAGGAGTGCGCA
1027,AGGGAAAGGATC
1028,ACGACGCATTTG
1030,TTACACAAAGGC
1031,GTATAGTCCGTG
1032,TCGTAAGCCGTC
1033,TGACGCCTCCAA
1034,TTCTCGGTTCTC
1035,GCTACTGGTATG
1036,GAATCCTCACCG
1037,CCTGACACACAC
1038,CAGCGTTTAGCC
1040,ACAATGTCACAG
1042,GGTCCCGAAATT
1043,TCTGCGAGTCTG
1045,TGCTTCCAATTC
1046,GCCGAGATAATT
1048,GCCCTATCTTCT
1049,AGGTACGCAATT
1050,GTCCCTATTATC
1051,TGGGACATATCC
1052,GAACGATCATGT
1053,TTCAGACCAGCC
1054,ACGCATCGCACT
1055,CAGTAGCGATAT
1056,GGATACTCGCAT
1057,CTAAGTTGCAAG
1058,CGCGATATCGTC
1059,CTGATGTACACG
1060,AGGCATCTGCTC
1061,AGACCTGACCCT
1062,CATCGACGAGTT
1063,GGAGTTGAGGTG
1064,AGCATCCCTAAG
1065,CAGACGAGGAAC
1067,TCGGTGTACCAA
1068,AACACGGTTTGA
1069,CTTGTGCGACAA
1070,AGAGTAAGCCGG
1071,AGACACCAATGT
1072,AATACGTCAAGC
1073,ATGGCAATTCAG
1074,CAGTGTCATGAA
1075,CGGTGACCTACT
1076,ACATCCCTACTT
1077,TGAAGCACACTA
1078,GTGAATGTTCGA
1079,AGTCGCTACACA
1081,TTCGCTAACCTT
1082,GACACTCACCGT
1083,TCAGAGTAGACT
1084,GACCAAATGTCC
1085,GATGCAACTTCG
1086,CACCACAGAATC
1087,GGAGCTCTGTAT
1088,CCTTAAGGGCAT
1089,GCTGCTACAAGT
1090,GTAAACGACTTG
1091,CGCCCTCTTCTT
1092,ACTAGACGACTA
1093,AGGTTAAGTGCT
1094,ATATCCTGGGAC
1096,TCAGAAGCTCAA
1097,ACTGTGACGTCC
1099,TGTCATGGCTGA
1100,TTCGTGAGGATA
1101,TCCCAACCTAGG
1102,TAGAATCAACGC
1103,CACAATACACCG
1104,GTATGACTAGCA
1106,AGCTAGCGTTCA
1107,GGTCTTAGCACC
1108,TACCATCCATCT
1109,AGGGATGGACCA
1110,ACTAATACGCGA
1111,TCATACAGCCAG
1112,GGAGGCCATAAG
1113,GTCCGATCCTAG
1114,CTGTGGGATTCA
1115,TTGTCTACCTAC
1116,GAAGGCTCCTTA
1117,AGATTACAACCG
1118,TCTTCTGCCCTA
1119,TGAAGTCACAGT
1120,CTTAGTGCAGAA
1121,CATCAGTACGCC
1122,TAGAACACCATG
1124,GAGAATGGAAAG
1125,AACCCTAACTGG
1126,TCCATACCGGAA
1127,GTTCAGACTAGC
1128,GACACCACAATA
1129,CGATTTAGGCCA
1130,AGGATATTCGTG
1131,CAATACGACCGT
1132,GCCATGTGTGTA
1133,GACTCCTAGACC
1134,AAGGCAAGAAGA
1135,ACGAGGAGTCGA
1136,GCGGTACTACTA
1137,TCAGCTGACTAG
1138,ACCTGATCCGCA
1140,GTGGATAAACTC
1141,GGTACAATGATC
1142,ACTGTCGCAGTA
1143,CATCCTGAGCAA
1144,CAACATCGTAGC
1145,GGCAATCATCTG
1146,TATCGCGCGATA
1148,TCGTTCAGGACC
1149,TGATCCGGGTAT
1150,CTTCTTCGCCCT
1151,CAGGCATAACAT
1152,ATGTGGCGTGTT
1153,GTGCGGTTCACT
1154,CCTCACTAGCGA
1155,AGCTGATAGTTG
1156,GCTCTAGTAACG
1157,TGGTCCTACAAG
1158,CGCTATCCAGAC
1160,AGTTGGTTACGA
1162,CCTGTGTTGGTG
1165,TGGCACTGGTTA
1166,GGCAGTGTTAAT
1167,AACCCGTCGTCA
1168,AGAGGAGTCGAC
1169,TAAGTCGGCCTA
1170,CAGGGTAGGGTA
1171,CATGGGTGTTAC
1172,GATGCCTAATGA
1173,TTATCGGGCATG
1174,TGGACATAAACC
1175,TGACCTCAAGAC
1176,GCCAAATCGCTC
1177,TCAAAGCTCAAG
1178,TACCAATCGGTG
1179,GTACTCGAACCA
1181,GACATGCGGAGA
1182,CGCACCCATACA
1183,ACATTGAAGCGT
1184,GACGACATTTAG
1185,CCAACTACTCGG
1186,CCGTTATCAGCG
1187,TATGGCCAAACC
1188,TGCCTAAGATCG
1189,TTAACTGGAAGC
1190,ATTCGAGCTGTG
1191,GGTCTGTTGAGT
1192,CTCGTCGACTGA
1193,TCTTTCATACCG
1194,CATTCCCGAAAG
1195,TTGTCAGCTGGA
1196,ATCTGCGCACCA
1197,CCACGTACGTAA
1198,ACGATATGGTCA
1199,GAGACAGTGGAA
1200,TCGTAGTAATGG
1201,AGGCTGTACTCC
1203,CTGCGGATATAC
1204,CTAGCGTGCGTT
1205,ACCATGTAGAAC
1206,TAGCTCACAGCA
1207,GTCTTGGGTCGT
1208,CTGTATGGAGCT
1209,ATGCAACTCGAA
1210,CTAACTGACGCA
1211,AACGTCCTGTGC
1212,AGACGACGTGGA
1213,AAGGTTCCGATA
1214,AGTTTCTGGTGG
1215,TTCCTCCTGCTA
1216,CATCTCAGTCGG
1217,ATATGCGAGACT
1218,GACCACTGCTGT
1219,ATAGACACTCCG
1220,GAATCGCCGATT
1221,TAGAAGGCTCCT
1222,CGACTAACTAGA
1223,TACAACCGAGTA
1224,CTCATGGTAGCA
1225,AACGACACGCTT
1226,CCTGGCTGAATA
1227,TTCGGATGTGAA
1228,CTAGGTCCGACT
1229,AGATCCCGTACC
1230,TCTGGTGCATCG
1231,CAGCTGGTTCAA
1233,TCTTGTTTCTGG
1234,TTGAACAAGCCA
1236,ATTCGTACCTCT
1238,CCAGAAGTGTTC
1239,ACGATCATCTGG
1240,ACTGTACATGAG
1241,TGCCCGGACTTA
1242,ATCCCGTACGTG
1243,CTTGTTGTTCTG
1244,TGACAGAATCCA
1245,CACTGTATGAAG
1246,TGGATGCGCATT
1247,GCCCATATCAGA
1248,CGTGTGTGCTCA
1249,ATCCATGAGCGT
1250,TAGACTTCAGAG
1251,TGATTCCCGGTG
1252,AGTTCCACGGCT
1253,GGAAGCTTAACT
1254,GGAGACGTTCTT
1255,ATTGCGCTACCG
1256,CCGACCAGCTTA
1257,CAATCCACCGAA
1258,TACGCGTACAGT
1259,CCGTCAAGATGT
1261,CGTTTCAAGGAC
1262,GCAGAACTTAGT
1263,ACCCGTTGATGA
1264,GACGTAGAACGG
1265,CGGTACCTACCA
1266,GCGTTTGCTAGC
1267,AGAAACAGCTCT
1268,CTCAGACTCAGA
1269,CCGAGTACAATC
1270,GATATGAACTGC
1271,GCAGTCTAAGAT
1272,CGGCGCATTATA
1273,GGTGCTAATCAC
1274,CGTTTGGAATGA
1275,GGTTAGAGCGGA
1276,GTAGTAGACCAT
1277,ATCAAGATACGC
1278,TCTATCTGGCTT
1279,GGAAACAAACGG
1280,GATTGGCATAGT
1281,GAGTTGTACGAT
1282,CTCGAAATGCAA
1283,AGAAGAAAGGCA
1284,CCACTCTCTCTA
1285,CCTCCTAATTCA
1286,TTCATGGCCAGC
1287,ATTGGACACGCT
1288,AATTCACCTCCT
1289,ATGAAGCACTGT
1290,TTGATGTGAGGT
1291,TCTTGCGGAGTC
1292,TTAGTCGTGACG
1293,TGCCAGACCACT
1294,AGGCTCCATGTA
1296,TATCTGGAAGTG
1297,CAGCTATGGACT
1298,TTGCTGGACGCT
1299,CTACTAGCGGTA
1300,TACAGGACGGGA
1301,CTCAGGAGACTT
1302,TCGTTGGGACTA
1304,TGGCATGTTGGT
1305,AATCGTAAGGTC
1306,CTTACGAGTAGA
1307,CAACTGTCAGAC
1309,GGCTGATGTCAT
1310,TGTCCAGTTCGG
1311,ACTCGTGATAGC
1312,GCCCTCAAATGC
1313,TAAATCACGCGC
1314,GGCGTGCATTAT
1315,GGTCAATATTGG
1316,AGGTTCTTAGGC
1317,TAGGTGCAATCA
1318,GTCCAAAGCGTT
1319,AGATCGTGCCTA
1320,CTCCTCCCTTAC
1321,GAGCATTACATG
1322,AAGCACGTCTCA
1323,TAGGGAGACCGA
1324,ATAAGCCCAATG
1325,ACGTGCCTTAGA
1326,TCCTGCTATCTA
1327,CACGAAAGCAGG
1328,TCAAGTCCGCAC
1329,TAGCACCTAAAG
1330,GTTTCTTGTTGC
1331,ACCTAAAGCTGC
1332,ACCACGATGCTA
1333,GCATCTAAAGCC
1334,CGTTGACACCCA
1335,CTTGGGTTAGGT
1336,CTACGTGAAATG
1337,GCCAGCTTCATG
1338,GTGCATTCGCCA
1339,TGAGAGTCCCTC
1340,CTCTGTAGCCGA
1341,GCAGTAACTGTC
1342,CATATAGCCCGA
1343,CAGTGCACGTCT
1344,CAAGACTGACCT
1345,CCGATAAAGGTT
1346,CTTTGTCAGGGC
1347,TCCGAAGACAAT
1348,ACTTCGGATGCA
1349,TAACATCAGGCA
1350,TAATGAGATGCC
1351,ATCGGTGGAATT
1352,TATAGTGGGCCT
1353,TCGACGGAGAGA
1354,ATCTGACATCGG
1355,GATAGGGCCAAG
1356,CGGGCTTCATCA
1357,CGTAACGTAATG
1358,TAGCGACCTCAC
1359,ACCCTGGGTATC
1360,AGCGAGAAGTGA
1361,CTTCAAGATGGA
1362,GCTGCGTATACC
1363,ACAAGGCAAGGC
1364,CGTTAGTGACTG
1365,GCCGTTGATGCT
1366,TTCAACCTTTCG
1367,TGGGAGGTGGTA
1368,CGCCTGCCAATA
1369,TTGAGCTTGAGC
1371,ATCCGCAGTCAC
1372,AGTGTACCATGA
1373,CCGATTGAATCG
1374,TATATGTGCGAG
1375,CACCCACGTTGA
1376,TAGTGGGTCAAT
1377,CCTAAACTACGG
1378,ACTCCCGTGTGA
1379,CTGCAAGCCTGT
1380,CCAACAGCCAAT
1381,CGGTTCACATAG
1382,TCAACAGTAGTG
1383,AACACATGGGTT
1384,ATCGTAGTGGTC
1385,CGAGTCACGATT
1386,AGTGCGTTCTAG
1387,TTCTTAACGCCT
1388,ACCCAGTATGGT
1389,CGTTAAGTCAGC
1390,TCACAACACCGC
1391,AGCAAGGTCTTC
1392,TCTAAACCCTCT
1393,CCTGATCACACG
1394,AAGCTGCCTAGT
1395,ATTTGTGGGTAG
1396,TACATGGAGCAT
1397,GCCTCAGCAGTT
1398,CATCTTCTGATC
1399,CAGGTTGTGCCT
1400,GGTTGCCCTGTA
1401,TGGTTTCGAAGA
1402,TGCGTTCTAGCG
1403,AGTCCACTGGTA
1404,GAACTCGCTATG
1405,GGTAGTTCATAG
1406,AGGATGGGATGC
1407,CAGTGATACTGC
1408,GAGGATACTACT
1409,GCATCGTCTGGT
1410,TATGGGTAGCTA
1411,AGGTATTACCGA
1412,TGTCAAAGTGAC
1413,GTAACGGCTCTA
1414,GTGTACATAACG
1415,TGCTGCTCAACG
1416,CGGATGCAAGAG
1417,TGACATTCACGG
1418,CACATATTGGGC
1419,TTCAATAGGGAC
1421,ATGCGTAATGCA
1422,ACTCCGATAGAC
1423,GCTGAGCCTTTG
1424,AACAGAGAGAGC
1425,AATTCCGAACGC
1426,TTAGTACGCAGA
1427,GAATCTGACAAC
1428,CACACTGAAGTC
1429,ACTATCAGTGGC
1430,AGACTCAGACTC
1431,GACCTTTCAAGG
1432,CAAGCAGGTGAG
1433,GGAGAACGACAC
1434,CAGCTTCGACTG
1435,ATCTTTCCCTGA
1436,CTCCGAACAACA
1437,GGTCACACATCA
1438,AGAACTTGACGT
1439,CTTGAACCCGAC
1440,GACGTGTCCATC
1441,AGAGCCAAGAGC
1442,TGGGAATGTTGT
1443,CAATCATAGGTG
1444,ATAAGTAACCGC
1445,GACTTGGTAAAC
1446,AATCACGGTGCT
1447,ACGACCTACGCT
1448,GATGTCATAGCC
1450,GCATACTACAGC
1451,GAGGTATTCTGA
1452,ATGTTCCTCATC
1453,CGGTATAGCAAT
1454,CTTGGCCTGTAG
1455,ATCAAACGCATG
1456,CGGTCCTGAGTT
1458,TTAAGGACTGAC
1460,TAACTAGGACGT
1461,GAAAGAGTCTCT
1462,TCACCGGAATCC
1463,CGACTGCAGCTT
1464,GTTACCCGAGCT
1465,CCTAGGTCCCAA
1468,AGTACTGCCTGC
1469,GAAGTCCACACT
1470,GTAGAATGCTCC
1471,ACACCCTATCGG
1472,AGGAGGATAAAG
1473,GCATGGGTTATC
1474,GTTCCCAACGGT
1475,GTCAGAGTATTG
1476,ATGACAGAACCT
1477,ACAAGTGCTGCT
1478,AATAGTCGTGAC
1479,TACAAGTGGTCC
1480,GCTGGTCTAGTC
1481,GGCATCCTGGTT
1483,ATTACAGCGACA
1484,ATGCAGAGATCT
1485,CGTATGCCGTAC
1486,AGCCGACTCTGT
1488,TCGGTAGCAACT
1489,CCAAATGATGAC
1490,GCAGGTAACATT
1491,GCACGTTCTACG
1492,GACTGGAGATGG
1493,ACTAAGTACCCG
1494,TAAGTGAGTACC
1495,ATCGACAACACC
1496,AGCACACTACAC
1497,GAATGTTGCGCT
1499,ATAGTTAGGGCT
1500,GTTCAACAGCTG
1501,TCAGCAAATGGT
1502,AGGGACTTCAAT
1503,GAAGTGTATCTG
1504,TCCTGTGCGAGT
1505,CCAACGTAACCA
1507,CAATTGCGTGCA
1509,ACGGTACCCTAC
1510,TCATAGGGTAGT
1511,ATGGAGTTGTTG
1512,CGTATCTCAGGA
1513,TAGTTCGGTGAC
1514,CCATGGCTGTGT
1515,CTAGTCGCTGGT
1516,TCCAAGCGTCAC
1517,GCTTCATTTCTG
1518,AACTTGGCCGTA
1519,CATACGATACAG
1520,GGTTGAGAAGAG
1521,CTGGGAGTTGTT
1523,ATTACCCACAGG
1524,CACATCAGCGCT
1525,TGACCATAGTGA
1526,GATAAGCGCCTT
1527,TAGTCTAAGGGT
1528,AATTAGGCGTGT
1529,TGCTCTTGCTCT
1530,TCCACTAGAGCA
1531,CATTGCAAAGCA
1532,GACGGCTATGTT
1533,TCTCTTTCGACA
1534,GATTAGGTTCCG
1535,CTACTCCACGAG
1536,GGTGCAGACAGA
1537,CCGTACCGTATG
1538,ATGTCCGACCAA
1539,AGATGGGACTGG
1540,GTGCCCACTTGA
1541,ACCGAACAATCC
1542,GTCTACCACGCA
1543,TCGCGTCCAGTA
1544,GCCTGATTAAGC
1545,ACGTATTCGAAG
1546,CGGCTACTATGC
1547,AGTTCGGCATTG
1548,TTGGGAGCGAAG
1549,TGTTCGCCCAGA
1550,CGCGTATCTCAG
1551,CGAAAGCATTCC
1552,CCGGACAAGAAG
1553,CGATCCGATCTG
1554,TGCATCGCGTCA
1555,ATGGACCTAGCT
1556,AGGAATACTCAC
1558,CGTGTTATGTGG
1559,GTACGCACAGTT
1560,TGGACTCAGCTA
1561,ACGCGCTAAATC
1562,GACCTGAATACA
1563,ACGTTTGTGGCA
1564,GCTTAACGTGCC
1565,GAATGGATGGGC
1566,CATGAACAGTGT
1567,GACTAGTCAGCT
1568,CAAGAAATTCGC
1569,AAGCTCTCCCAG
1570,TGGATCTGTCCG
1571,CCTACTCGGTGA
1572,ATACCGTCTTTC
1573,AAGGACCGTTTC
1575,CGTGCCGCTTAA
1576,GCGTCATGCATC
1577,CGTTGGACAAAT
1578,TTGTTGATGGAG
1579,CTTACACTGCTT
1580,AATGCGCGTATA
1581,TGCCATTAGAGC
1582,CGAAGGGTTGGA
1583,GAGCAACATCCT
1584,TCGTGTTGTGGC
1585,ATTTCGACCCGG
1586,TGGATTGTGAAC
1587,CCGTTGGACTAC
1588,TCTGGCTACGAC
1589,TCAGGCGTAAAT
1590,TCACGGTGACAT
1591,CAAGGTCACCTC
1592,CTATACGCGAAC
1593,GAGGAGTAAAGC
1595,GTTGGGATCCTC
1596,TTCAGCGATGGT
1597,ACAATCCCGAGT
1599,TAGCCCTGATGC
1600,TTGTCCCAAGCG
1601,TTCGTACTTCGT
1602,CTGCTCAGGCAT
1603,GACATCTGACAC
1604,CACAACCACAAC
1605,GCACCAATCTGC
1606,ATTAGCAGCGTA
1607,TCCGATAATCGG
1608,CTTTCAGGACCG
1609,CGTCCTACAGTG
1610,GTAACTCAACAG
1612,GAGAGGGATCAC
1613,TCGGCTTGGAAT
1614,TGAACAGGTTCA
1615,GAGAGATCGACG
1616,ATACAAACGCAC
1617,GATTCACTGTGG
1618,GCTTGCCAATCG
1619,CTGACACGAATA
1620,GTTCTAAGGTGA
1621,CGTGAATCAACC
1622,GAGCTAAGTTAC
1623,AGCGATTCCTCG
1624,CCAACCCAGATC
1625,GATTGCTACCAG
1626,GGCTCTAACGTA
1627,AATCTGCACCGA
1628,CCAGCCTTCAGA
1629,CCGTGTTAGACA
1630,ACCTCTATTCGT
1631,GGCAAGGCACAA
1632,GCCATTATAGAG
1633,TAACCGAACCAC
1634,GGTGCGTCACTT
1635,TGTGCTTGTAGG
1636,TGACTCTGCGGT
1637,GTACACTGATAG
1638,TTACATCCCTTG
1639,GGTGTGAGAAAG
1640,CTCTTTGTCGAT
1642,CCTAACGGTCCA
1643,TGTAGCCGCTTG
1644,TACCCGACTAAG
1645,CGTAGTACCACA
1646,CGGAGAGACATG
1648,TACGATGAGTTG
1649,GCTTGGTAGGTT
1650,CCGGAATCCATA
1651,ATCGGCTTCCGA
1652,CACTAGACCCAC
1653,GGAAAGGAGAAT
1654,GAGTATCTGAGT
1655,CTCGCTAGATAG
1656,CCAGGACAGGAA
1657,AAGGGTTAGTCT
1659,GGCCTTCAGTCA
1660,ACACGTTTGGGT
1661,CGAACGTCTATG
1662,TCATGTGAACGA
1663,TCTCCGTTCCCT
1664,CTGATTACGAGA
1665,TCTGAATGGTAG
1666,CATCGTTGGTCG
1668,TCGGACAGTGTT
1669,TGATGTGCTAAG
1670,CAGTAAATCGCA
1671,CAAGTTTCCGCG
1672,ACATCGTTGACG
1673,ACGAAAGAGCAG
1674,TGATGAACCCGT
1675,GCTCTTATGCTT
1676,CGACCTCGCATA
1677,CTAATTCTCTGC
1678,GGAAGTGGCCAA
1679,GATAATGTGCAC
1680,CTCTGAGGTAAC
1681,ATTTGCTTTGCC
1682,TACTGGTAAGAC
1683,TTGAGAAGCACT
1684,ATAACGGTGTAC
1685,TCCCGTAGCATG
1686,CAGATGTCGCTA
1687,TGAGCAACATAC
1688,GGTTCATGAACA
1689,GAGCGAGTTAGG
1690,GCTCAATCAGAA
1691,GACCATGTAGTA
1692,CACACGCCTGAT
1693,TCTTCGCAGCAG
1694,TCTCATGTGGAG
1695,TTCCATCATGTC
1696,GTCCTACACAGC
1697,GAGGTGGGAGTT
1698,TGGCCTAGTCAA
1699,TCCTTCCCTGCT
1700,CTCACTGCTTCT
1701,TAGGAGAGACAG
1702,TGTTCCTCTCAC
1703,GCGTTAACCCAA
1704,CCACACGTTTGG
1705,ACAGCATAGCTC
1706,AATGTGGCTCAC
1707,GAGTTCCATTGG
1709,CAAGTGAAGGGA
1710,TGCCCATCAGGT
1711,AGGTTGCTGTAA
1712,TAAGTACTGCAG
1713,GCCGATTGTAAC
1715,GTTGAAGCACCT
1716,TGTCTTTACCTG
1717,CCTTGTTCACCT
1719,TCTTAGTCGGGC
1721,CTGATAGCACAC
1722,ACAGGTAGAGAG
1723,TGCTCACGTGTG
1724,GTAATAATGCCG
1725,CTCGGCACCAAT
1726,ACTCGAAACCAA
1727,ACCGTAAGACAT
1728,ATCACGGGAGAG
1729,TCACTGCTAGGA
1731,TTGGCATTGGCA
1732,TATAATCCGAGG
1733,TCCAGATAGCGT
1734,AATCCGGTCACC
1735,AAGTGCTTGGTA
1736,GGTAAAGGGTCG
1737,GCTTTCTCAATC
1738,ACAGTGCGTCCT
1739,TAGGAACTCACC
1740,TGTATTGGACAG
1741,AGAAAGGGTGTG
1742,GCTCACAATGTG
1745,AGCCGGAGAGTA
1746,CCTGTAGGTTGC
1747,AAGGCCTTTACG
1748,CTAGGCAATCAA
1750,CTTGTCTGGAGC
1752,AAGGTCAATCGT
1753,ACCTACTTGTCT
1754,TGTTGGATCGTG
1755,ACTGGATCTCGC
1756,TCAAGGGACCTT
1757,AAGTCGACACAT
1759,CCATGAAGTGTA
1760,TCCACAGGGTTC
1761,TCATTAGCGTGG
1762,ATGTCGAATAGC
1763,CTGACCGTTAAG
1764,TCGGGCTCTTAG
1765,ACTTTAAGGGTG
1767,AACCAGCAGATT
1768,ATCGAGGATCTA
1769,TAGCTGGCGTTC
1771,GATTGTGCAACC
1772,CTACAGGGTCTC
1773,GTACCAGGTACT
1774,GTATACCCTTCT
1775,TAGGTCTAGGTC
1776,GACAGTAGCTTC
1777,TGAACGTTGGAT
1778,AGTGTGAACGTT
1779,ATGGTCACAAAC
1780,ACATAGCGGTTC
1781,GCTGTTTGACCG
1782,CGAATACTGACA
1783,TATCCTGGTTTC
1784,CATTGTCCCTAT
1785,ACCGACGCTTGT
1786,CTGTGATCGGAT
1787,ATGTACACCGGT
1788,TAAGCTAAACCG
1789,CATTGGGAGTTC
1791,CAGCGACTGTTA
1792,GAGCCCAAAGAG
1793,CGATCACCACAA
1794,CTAGAGCTCCCA
1795,GAACGCAATTCC
1796,ATCCGTCTGACG
1797,TGAAATGTCCCG
1798,ATTCGCCAAGAA
1799,TACGTGATCCCG
1800,TGGGTAGATCTC
1801,AGCAATCGGTAT
1802,GTTGGACGAAGG
1803,ACACTATGAAGC
1804,ACGGAAATCCCT
1805,GGTTTCTATCCT
1806,ACGCAATGTCTG
1807,TCGGTTACGCTG
1808,AAGCCATTGAAC
1809,CGATTGTTCCGG
1810,CCTAAGAGCATC
1811,GATGGTTTCAGC
1813,TACCGGCTTGCA
1814,AGTCGGCATCTC
1815,ATATACCTGCGG
1816,TGTCTGACGCAA
1817,CATATCCAGCCG
1818,TCTCACTGTTCC
1819,GCTATGGAACTC
1820,CTCCACATTCCT
1821,TACGTTTGGCGA
1822,AATCGCCCTTGG
1823,CGGCGATGAAAG
1824,CCGCTACGTGAT
1825,CTGGTAAGTCCA
1826,AGAGCTCCTCTG
1827,GACAAACCTTGC
1828,CATTAGCTGGAA
1829,CCACAACGATCA
1830,CCGGTGTGATTC
1832,TAATCTCGCCGG
1833,CAGATCCCAACC
1834,AGAGATTATGCC
1835,TGAATACCTGGC
1836,CTCCCACTAGAG
1837,AGCCCTGCTACA
1838,CCTTATAGAAGG
1839,GGCCAAGGAAGT
1840,CCTCTACTCTAA
1841,GAGTCGATCTTG
1842,GACCTACCGCAT
1843,ATGTAATAGGCC
1844,GACTCGCAACTA
1845,CTGACGATCCGT
1846,GTGCGAGGACAA
1847,GCAGAGAGGCTA
1848,TCCTTGTCCTTG
1849,CTACAATTGAGG
1850,GTTGACCATCGC
1851,CAATGAGGGAGA
1852,AAGCAACGGTGG
1853,CTCCAATGACGC
1855,CCGGCTTATGTG
1856,CTGTGCAACGTC
1857,AGTCAATGGCCT
1858,GGAACACATGTT
1859,AGCGCATATCCA
1860,TGCAACTTGCAG
1861,GTGTGGCAGAAG
1862,GTGACCCTGTCA
1863,CACGCAGTCTAC
1864,TTCACTGTGCGG
1865,AACGAATACCAC
1866,ATGGTTCACCCG
1868,CCTCATGCTATT
1869,CCATCTTACCAT
1870,TATGCTCTCTCA
1871,CGTGTAGTAGAT
1872,ACATGGGCGGAA
1874,ACGAGTTTACCG
1875,GGAGATTGGAGA
1876,AAGCCCAGCATT
1877,GGTGAAACCTAT
1879,GCGCTTAGAATA
1880,AGGTGTATCACC
1881,ATTGTCAAGCAG
1882,TTCGCAGATACG
1883,CATAGGCCATCA
1884,CCTTGGAATCGC
1885,CACTTGCTCTCT
1886,GCAACTTCGGTA
1887,GCCAATCCAACA
1888,CTGGAACATTAG
1889,TTAGCCCAGCGT
1891,CAGCAAGAGGAC
1892,CTAGTACAAGCC
1894,GCAGTTGCCTCA
1895,CGCGCCTTAAAC
1896,TCCGCGCAAGTT
1897,TAACCACCAACG
1898,TGCGTCAGCTAC
1899,CGAAATGCATGT
1900,ATGATCGGTACA
1901,TTACCCGCACAG
1902,CCTGTTAGCGAA
1903,GCTCCGACCATA
1904,ACAAATCGTTGG
1905,GAAGGAAAGTAG
1906,ACAAACATGGTC
1907,GGACTATCGTTG
1908,GCTATATCCAGG
1909,TATTCCCACGTT
1910,CCATTAGTTCCT
1911,TAACCTTCGCTT
1912,GTAATCTGCCGA
1913,GGTGGCATGGAA
1914,GTCATTGGGCTA
1915,AGAGACGCGTAG
1917,ATATTGGCAGCC
1918,TCGCATGGATAC
1920,GCCCGACATATA
1921,GATTGAACGCTA
1922,AGTATTCGCGCA
1923,TGCCAACAACAA
1924,CTAAAGTAGCAC
1925,AGTGCTAGGTTA
1926,CGGAAACTCCAT
1929,GAAACCAAGCTT
1930,TCATCACGGGCT
1931,TGTTCTGAGACG
1932,ATAGCACCAGAT
1933,ATCTCGCTGGGT
1934,GCGCGTGTATCT
1935,AACGCGAAATTC
1936,ATCTGGACGATC
1937,CCAGCTGGACTT
1938,CTCTAACCTCTA
1939,CAACCGAGATTA
1940,GATTCGAGTGTC
1941,GGTAACCTCTGA
1942,AGCGAACCTGTT
1943,ACATGCACATGC
1944,CCTTACCTCCTC
1945,ACACTGGTCCTG
1946,AGCTTGAATCAG
1947,TAAAGCGAGGAG
1948,CGACAACTTGTG
1949,CGCTGGCTTTAG
1950,GTGATACCCGCT
1951,CCAGTTCCAAAG
1953,GCGCAATAGTAT
1955,CGCCTAAACCGT
1956,AACACCATCGAC
1957,CTATAGACACGA
1959,CCTTTGGCTGAG
1960,CGACCCATACGT
1962,ACCACACGTAGT
1963,CTAGTGACCTAG
1964,GGATTCGTGTCC
1965,GTGAGATACCTA
1966,CGCGGTTACTAA
1967,AGGCCCGTTTAC
1968,TGTTGTTGGGAA
1969,CTGAATCTGGTG
1970,GGCCTCACTGAT
1972,TCGAGAGTTTGC
1973,TACGACTCTGGC
1974,GCGTAACTCTCG
1975,CTTTCCCTTCGA
1976,AAGATTTGCAGC
1977,AACGGCTGGAAG
1978,ATCGTCCGCGAT
1979,TCACAGACAATG
1980,GAGACTATATGC
1981,AGAGGGTGATCG
1982,TAGAGAATGCTC
1983,AGAGCATCCACT
1984,ACAGTCTGCATG
1985,AATCGGTCCGAT
1986,CCGTTCAATGGA
1988,TCCCTCTGAGAG
1989,AAGTTAGTCCGC
1990,TCAGATACCAGC
1991,TCGAAGACGTAT
1992,CACTTCTTTGTG
1993,CGTCGATTGCAC
1994,GTTGCCTCTGAG
1996,GTAAGCCTCGAT
1997,CTCCGCTATAGG
1998,ACTGCTATCGCG
1999,ACCACTTGCCAG
2000,ACCAGAAATGTC
2001,ATGCTTGCTCTT
2002,ACAGTTGTACGC
2003,AGCTACTGCGTC
2004,ACTGCCCGATAC
2005,CACAGCGTCCTA
2006,ACGTCCACTGTG
2007,CGCTAATCGTGA
2008,GGCCGTTCGATT
2009,GGAACTTACTCG
2010,CAGTTACCCAAG
2011,GAGGGACGCAAT
2012,TAGGCCATGTAA
2013,AACCGTCGCCTA
2014,TTACGAAGTTGG
2015,AGATAGCTCGCT
2016,CTGGTTGGCATC
2017,CTGCTTCTTACA
2018,GTTCGAGTGAAT
2019,TTCTTCTACCGC
2020,TCTCTCGATCAT
2021,AATCCATGACAG
2022,GGTATTCAAAGC
2023,GGTCCACCTAAC
2025,GGCACGAAAGGT
2026,CATGAGACTGTA
2027,GGTCATCACGAT
2029,TGCGCAAAGGAG
2030,GGTTTGCACATG
2031,TGGGTTAACACA
2032,TAGGTTGCTTGG
2033,CAGGAACCAGGA
2035,AGGTTTGGCTTG
2036,TACTCCAGGCTG
2037,TTCGGCATAGTG
2038,GTGCCATAATCG
2039,TGCAGATCCAAC
2041,TGGTGGAGTTTC
2042,AGAACACGGAAG
2043,TCGAAACATGCA
2044,AACTAAGGACTC
2045,AACTCAATAGCG
2046,CTTAGAACGTGC
2047,CCGTATATGCGC
2048,TATGACGTACGA
2049,TCTCTGAACAGG
2050,CCTTTATAGTCC
2051,TGTAGGTGTGCT
2052,TCCCACGAAACA
2053,TACGCTACGACC
2055,CCATATCCCGGA
2056,TCGTACCAGGAT
2057,AGTGACTGTCAA
2058,GGTGAGCAAGCA
2059,AGTTCATACGGC
2060,TCGCTTTAACCT
2062,CCATCCGCAACA
2063,CGCAATGAGGGA
2064,GCTACAAGCCCT
2065,ATTGAAGTCTGG
2066,GGATTACGCTGT
2067,CAGCAGTCTTCG
2068,CGTAGCCAACAT
2069,ATACAGCATACG
2070,CTGAGTGAGTAT
2071,GCTTGTACCGAC
2072,CGCTAGGATGTT
2073,GGACAAGTGCGA
2074,GTTCGTATACGG
2075,CGGGTAGGGTAA
2076,ATGCGCCCGTAT
2077,CTGTCGTGTCAG
2078,ACGGTGAAAGCG
2079,TCACGTATTCTC
2080,GAAGGTGAAGGT
2081,CACATGGGTTTG
2082,TAGGTAACCGAT
2084,TGTAAACAGGTC
2086,AGGATCAGGGAA
2087,TAGGACGGGAGT
2088,GCAACGAACGAG
2089,TGACGGTTTAGC
2090,AAGTGTGGTTGT
2091,CTTCGTTTCGTA
2092,CACCGCTCACAA
2093,CTGAACAGTTGC
2094,CGCTCTTAACGG
2095,GGAGTCTCTTGC
2096,AAGTTCCGGCCT
2097,GCGCTGTTTAAG
2098,GACAATTCCGAA
2099,AGGTCTCCCGAT
2100,ACGATGGTTGAT
2101,AGACTTCTCAGG
2102,GGATGTCTTCGC
2103,TCCTGAACACAG
2105,TACTTGCCACGG
2106,GCATAAACGACT
2108,TGACACGACATC
2109,TGTTGACGATGC
2110,GACAAGAAGGTG
2111,GAGTGCTCTAAC
2112,TTGTGTCTCCCT
2114,TGTGCACGCCAT
2115,TCCCAGAAGCTC
2116,ACGCTAGATTGA
2117,TTACGGCTGGTC
2118,TGCAATGGTACC
2119,AACAGGTCTCTG
2120,GTGCTAATAGGT
2121,GCGATCACACCT
2122,AATGGACCGTTC
2123,GTACGTCACTGA
2124,TAGCCTGTCGTG
2125,ACAGACGACGGA
2126,TCTATGCGAACG
2127,CTATGAGTCCAG
2128,AGTCCTTTATCC
2129,AGTTTGCGAGAT
2130,TCAACGTGCTGC
2131,GAACCAGTACTC
2132,TGATAATGCACG
2133,TAGTGATGACCA
2134,ACAGCCACCCAT
2135,TATGTTGACGGC
2136,CGAGTATACAAC
2137,TACACCTTACCT
2138,CGTTCAAGCTAG
2139,AACTCGCGCTAC
2140,TACCAGGATTGC
2141,GGTTGTAAGTGT
2142,CAACGAACCATC
2143,CCATGCTTAGAG
2144,AATGGCGACTAT
2146,GACTATAATGGC
2147,TTCAGGAACTAG
2148,CAACAGGTAACT
2149,TAGTTGAGCTGA
2150,GTCTCAAAGCAC
2151,AGTTGCCTGAAC
2153,GCATGTCGAAAT
2154,CCTATGCACGGT
2155,GCGTGGTCATTA
2156,AGTCACATCCGC
2157,AGCGTCTGAACT
2158,ATCGCGACTGCT
2159,TGGAGGTTCTCA
2160,TGCTTGTAGGCA
2161,CTTAAATGGGCA
2162,GGTATCACCCTG
2163,CGCCTTGATAAG
2164,CGTTTATCCGTT
2165,TTGTACTCACTC
2166,TTCCCACCCATT
2167,GCCGCATTCGAT
0,TCCCTTGTCTCC
1,ACGAGACTGATT
3,ATCACCAGGTGT
4,TGGTCAACGATA
5,ATCGCACAGTAA
6,GTCGTGTAGCCT
7,AGCGGAGGTTAG
8,ATCCTTTGGTTC
9,TACAGCGCATAC
10,ACCGGTATGTAC
11,AATTGTGTCGGA
12,TGCATACACTGG
13,AGTCGAACGAGG
14,ACCAGTGACTCA
15,GAATACCAAGTC
16,GTAGATCGTGTA
17,TAACGTGTGTGC
18,CATTATGGCGTG
19,CCAATACGCCTG
20,GATCTGCGATCC
21,CAGCTCATCAGC
22,CAAACAACAGCT
23,GCAACACCATCC
24,GCGATATATCGC
25,CGAGCAATCCTA
27,GTATCTGCGCGT
28,CGAGGGAAAGTC
29,CAAATTCGGGAT
30,AGATTGACCAAC
31,AGTTACGAGCTA
32,GCATATGCACTG
33,CAACTCCCGTGA
35,TACGAGCCCTAA
36,CACTACGCTAGA
37,TGCAGTCCTCGA
38,ACCATAGCTCCG
40,GAACACTTTGGA
42,TTGGGTACACGT
43,AAGGCGCTCCTT
44,TAATACGGATCG
45,TCGGAATTAGAC
46,TGTGAATTCGGA
47,CATTCGTGGCGT
48,TACTACGTGGCC
49,GGCCAGTTCCTA
50,GATGTTCGCTAG
52,ACTCACAGGAAT
53,ATGATGAGCCTC
54,GTCGACAGAGGA
55,TGTCGCAAATAG
56,CATCCCTCTACT
57,TATACCGCTGCG
58,AGTTGAGGCATT
59,ACAATAGACACC
60,CGGTCAATTGAC
61,GTGGAGTCTCAT
62,GCTCGAAGATTC
63,AGGCTTACGTGT
64,TCTCTACCACTC
65,ACTTCCAACTTC
66,CTCACCTAGGAA
68,CCACAGATCGAT
69,TATCGACACAAG
70,GATTCCGGCTCA
71,CGTAATTGCCGC
72,GGTGACTAGTTC
73,ATGGGTTCCGTC
74,TAGGCATGCTTG
75,AACTAGTTCAGG
76,ATTCTGCCGAAG
77,AGCATGTCCCGT
78,GTACGATATGAC
79,GTGGTGGTTTCC
80,TAGTATGCGCAA
81,TGCGCTGAATGT
82,ATGGCTGTCAGT
83,GTTCTCTTCTCG
84,CGTAAGATGCCT
85,GCGTTCTAGCTG
86,GTTGTTCTGGGA
87,GGACTTCCAGCT
88,CTCACAACCGTG
89,CTGCTATTCCTC
90,ATGTCACCGCTG
91,TGTAACGCCGAT
92,AGCAGAACATCT
94,TTGGCTCTATTC
95,GATCCCACGTAC
96,TACCGCTTCTTC
97,TGTGCGATAACA
98,GATTATCGACGA
99,GCCTAGCCCAAT
100,GATGTATGTGGT
101,ACTCCTTGTGTT
103,GCGAGCGAAGTA
104,ATCTACCGAAGC
105,ACTTGGTGTAAG
106,TCTTGGAGGTCA
107,TCACCTCCTTGT
108,GCACACCTGATA
109,GCGACAATTACA
110,TCATGCTCCATT
111,AGCTGTCAAGCT
112,GAGAGCAACAGA
113,TACTCGGGAACT
114,CGTGCTTAGGCT
115,TACCGAAGGTAT
116,CACTCATCATTC
117,GTATTTCGGACG
118,TATCTATCCTGC
119,TTGCCAAGAGTC
121,GCAATTAGGTAC
122,CATACCGTGAGT
123,ATGTGTGTAGAC
125,TTCTCTCGACAT
127,GTTAAGCTGACC
128,ATGCCATGCCGT
129,GACATTGTCACG
130,GCCAACAACCAT
131,ATCAGTACTAGG
132,TCCTCGAGCGAT
133,ACCCAAGCGTTA
134,TGCAGCAAGATT
135,AGCAACATTGCA
136,GATGTGGTGTTA
137,CAGAAATGTGTC
138,GTAGAGGTAGAG
139,CGTGATCCGCTA
140,GGTTATTTGGCG
142,GCATAGCATCAA
144,TTAGAGCCATGC
145,TGAACCCTATGG
146,AGAGTCTTGCCA
147,ACAACACTCCGA
148,CGATGCTGTTGA
149,ACGACTGCATAA
150,ACGCGAACTAAT
151,AGCTATGTATGG
152,ACGGGTCATCAT
153,GAAACATCCCAC
154,CGTACTCTCGAG
155,TCAGTTCTCGTT
156,TCGTGCGTGTTG
157,GTTATCGCATGG
158,GATCACGAGAGG
160,AGTGTTTCGGAC
161,ACACGCGGTTTA
162,TGGCAAATCTAG
163,CACCTTACCTTA
164,TTAACCTTCCTG
166,CGTGACAATAGT
167,CGCTACAACTCG
168,TTAAGACAGTCG
169,TCTGCACTGAGC
170,CGCAGATTAGTA
171,TGGGTCCCACAT
172,CACTGGTGCATA
173,AACGTAGGCTCT
174,AGTTGTAGTCCG
175,TCGTCAAACCCG
176,TAATCGGTGCCA
177,TTGATCCGGTAG
178,CGGGTGTTTGCT
179,TTGACCGCGGTT
180,GTGCAACCAATC
181,GCTTGAGCTTGA
182,CGCTGTGGATTA
183,CTGTCAGTGACC
184,ACGATTCGAGTC
185,GGTTCGGTCCAT
186,CTGATCCATCTT
187,TATGTGCCGGCT
188,TGGTCGCATCGT
189,TGTAAGACTTGG
190,CGGATCTAGTGT
191,CGATCTTCGAGC
192,GTCGAATTTGCG
193,GCATCAGAGTTA
194,GTGGTCATCGTA
195,CTGAAGGGCGAA
196,CGCTCACAGAAT
197,ATTCGGTAGTGC
198,CGAGCTGTTACC
199,CAACACATGCTG
200,ATTCTCTCACGT
201,CGACTCTAAACG
202,GTCTTCAGCAAG
203,CGGATAACCTCC
204,AGGGTGACTTTA
205,GACTTCATGCGA
2,GCTGTACGGATT
26,AGTCGTGCACAT
34,TTGCGTTAGCAG
39,TCGACATCTCTT
41,GAGCCATCTGTA
51,CTATCTCCTGTC
67,GTGTTGTCGTGC
93,TGGAGTAGGTGG
120,AGTAGCGGAAGA
124,CCTGCGAAGTAT
126,GCTCTCCGTAGA
141,GGATCGTAATAC
143,GTGTTAGATGTG
159,GTAAATTCAGGC
165,TGCCGTATGCCA
206,GCCTGTCTGCAA
208,TTCGATGCCGCA
211,TGCACGTGATAA
215,TTCTCCATCACA
255,AATGACCTCGTG
260,ACGTGTAGGCTT
265,ATTAAGCCTGGA
354,TTATGGTACGGA
360,AACCGATGTACC
402,ACCGGAGTAGGA
403,TGAGGACTACCT
416,TACAGTTACGCG
432,AACTCCTGTGGA
435,TGCTACAGACGT
472,TAGCAGTTGCGT
478,AGGCTAGCAGAG
483,GTGGTATGGGAG
522,AGAGAGACAGGT
582,CCTAGAGAAACT
585,TGAGTCATTGAG
586,TACGGCAGTTCA
590,TGCTCCGTAGAA
607,AGCACCGGTCTT
641,CAATTCTGCTTC
648,AACGAGGCAACG
659,CTATCCAAGTGG
660,CAGTCTAGTACG
669,AACGTTAGTGTG
676,GTTTGCTCGAGA
678,GAACAAAGAGCG
685,GATAACTGTACG
705,CCAAGATTCGCC
706,GAGGCTGATTTA
722,CGGTAGTTGATC
736,AATCCTCGGAGT
739,ATGTGCTGCTCG
751,ACCTATGGTGAA
757,AGTCTGTCTGCG
795,TTGGACGTCCAC
816,ATCCCAGCATGC
817,GCTTCCAGACAA
845,TCGGTCCATAGC
848,GGTCGTGTCTTG
850,CAAGCGTTGTCC
860,TGTACGGATAAC
879,TTAGACTCGGAA
896,ATCGTGTGTTGG
940,GTTCTGCTTGTT
1000,GACGGAACAGAC
1007,CATCGGATCTGA
1021,GGACTCAACTAA
1029,CGTCACTCCAAG
1041,GCCATAGTGTGT
1044,ATGTAGGCTTAG
1066,TCGCTACAGATG
1098,TTGCAGTGCAAC
1105,ATGCTCTAGAGA
1123,CCGCATGACCTA
1139,CAAGCTAGCTGT
1147,TACGGTCTGGAT
1159,GCTTACGTAGGT
1161,CTCTACGAACAG
1163,GATGGGAGGACT
1164,CAGAATCGCTCA
1180,TTCCGGCGATTG
1202,CGGAAGAGAACA
1232,GCTGGATTGTCA
1235,CCAGGTTAATGC
1237,TAGCGTTCCAGA
1260,TACACGCTGATG
1295,ACTACTGAGGAT
1303,GTCCATGGTTCG
1308,TGACTGCGTTAG
1370,TACTAACGCGGT
1420,ATAGCCGATGTC
1449,TGTTGCGTTTCT
1457,CTCGAGCGTACT
1466,TTGAGTGGTCTG
1467,CGACGAGATTAT
1482,GTGCCTCAGGTT
1487,CTATTCTTGGCT
1498,CGCGCAAGTATT
1508,ACCAGCTCAGAT
1522,ATCATCTCGGCG
1557,CTACCTTGAGGA
1574,AAGTAGGAAGGA
1594,GCAGCATGTTAA
1598,GTTCTTGGAGAC
1611,CGTGGAAGACGA
1641,GTGAACTGGATT
1647,CCAAAGCCAGTT
1658,GTGACTAGTGAT
1667,TAGATCCTCGGA
1714,CGGTGGAAGCAA
1718,CAACCACTCGGT
1720,GTACCGTTGCAA
1730,CTAATCAGAGTG
1743,TATTGCAGCAGC
1744,AGATTCGCTCGA
1749,AGGACCTCGTTC
1751,ACCGCATCAATG
1758,AACATTGCAGGT
1766,TGGACCACTAGT
1770,CACAAGTATCGA
1790,GATCGGTTAATG
1812,TAATTGCAGAGC
1854,ATGGAAGGTGGC
1873,CCGCTGATGTCA
1878,TGGTAAGAGTCT
1890,AATGGTTCAGCA
1893,AGAGCGGAACAA
1916,TTAATGGATCGG
1919,CAACAATGCCAA
1927,AGGAAAGCCAGA
1928,GTCTGACGGTCT
1952,GTCTGGATTGAA
1958,CAAGAGCGGATG
1971,GTGGTTCGATGT
1987,CTCTCGGCGTAA
1995,CACCTCCAAGGT
2024,TGATCACTCTTC
2061,GGCTTACTTGGA
2083,GGTCGAATTGCT
2085,GTTACGTGGTTG
2104,AAGCCTCTACGA
2107,CTTTGCACTTTG
2113,CGTTACCGGACT
2152,TGGTAGTCTGAA
102,GTCACGGACATT
216,CGTAGGTAGAGG
306,GGCGATTTACGT
370,ACCTGTCCTTTC
438,TGAGTGGTCTGT
467,TCAGGTTGCCCA
495,ACGTGGTTCCAC
693,CTATGGTGAACC
918,GTTAATGGCAGT
1039,GGTATGGCTACT
1047,TCGAGTATCGAA
1080,AACCACTAACCG
1095,TTGTAGCCGACA
1459,GTGGAAGAGACA
1506,AAGGTGGACAAG
1708,TCTGATCGAGGT
1831,ATAGTGTTCGGC
1867,TAGCGGAAGACG
1954,AGCGTTGTCCAA
1961,CTGGATTACGGT
2028,AGTCTAGAGTAC
2034,TGCTCGATGTGC
2040,TCACTCTTGTAC
2054,GTCAGTATGGCT
2145,GACAGGTTGTAT