1,AAGGTGG
2,CTTGTGG
3,TGAGTGG
4,CAATTGG
5,TTCTTGG
6,GGTATGG
7,GTGCTGG
8,GCTGAGG
9,ATCGAGG
10,GAGTAGG
11,TGTTAGG
12,AGGAAGG
13,TCGCAGG
14,AATCAGG
15,ACAGCGG
16,TACGCGG
17,ATGTCGG
18,GGATCGG
19,CAGACGG
20,GTCACGG
21,CGTCCGG
22,TTACCGG
23,CATGGTG
24,TAGTGTG
25,AGATGTG
26,CTCTGTG
27,ACTAGTG
28,TGCAGTG
29,ATGCGTG
30,GCACGTG
31,TCGGTTG
32,GTAGTTG
33,AGCGTTG
34,CTGATTG
35,CGAGATG
36,ACGTATG
37,TTATATG
38,GTTAATG
39,AACAATG
40,CAGCATG
41,TGTGCTG
42,GCCGCTG
43,AATTCTG
44,CCATCTG
45,CTAGGAG
46,CCTTGAG
47,GGAAGAG
48,CACAGAG
49,TGGCGAG
50,GATCGAG
51,TATGTAG
52,GCGTTAG
53,ATATTAG
54,TCCATAG
55,AGTCTAG
56,GTGGAAG
57,TGCGAAG
58,CTCCAAG
59,ATTGCAG
60,TAATCAG
61,AGCTCAG
62,GCTACAG
63,AAGCCAG
64,TCTGGCG
65,GTCGGCG
66,AAGAGCG
67,CTTAGCG
68,CCGCGCG
69,TAACGCG
70,CCAGTCG
71,TGGTTCG
72,AGAATCG
73,CATCTCG
74,ATCCTCG
75,CTGTACG
76,GCATACG
77,GGCAACG
78,GATGCCG
79,TCGACCG
80,ACGTGGT
81,CTATGGT
82,CGTAGGT
83,GACAGGT
84,AGACGGT
85,TCTGTGT
86,ATAGTGT
88,GCATTGT
87,TAGTTGT
89,AGCTTGT
90,CCGATGT
91,AATATGT
92,CTCCTGT
93,TAAGAGT
94,CACTAGT
95,GTGAAGT
96,TCCAAGT
97,CGGCAGT
98,GTTGCGT
99,CGAGCGT
100,CCTTCGT
101,TGGACGT
102,GAGCCGT
103,ATTGGTT
104,TCAGGTT
105,GTGTGTT
106,AGGAGTT
107,CCTCGTT
108,TACCGTT
109,CTGGATT
110,GGCGATT
111,GCTTATT
112,TATAATT
113,AGTCATT
114,TAGGCTT
115,CGGTCTT
116,ATCTCTT
117,GCGACTT
118,CTTACTT
119,GTACCTT
120,GGTGGAT
121,AACGGAT
122,GAATGAT
123,CGCTGAT
124,TTGAGAT
125,ACAAGAT
126,GCGCGAT
127,CAAGTAT
128,GCCGTAT
129,CTGTTAT
130,TGATTAT
131,GAGATAT
132,GTTCTAT
133,AGCAGGA
134,TCGTAAT
135,GTCTAAT
136,CATCAAT
137,GGACAAT
138,CCGGCAT
139,AGTACAT
140,TACACAT
141,TCTCCAT
142,AATTGCT
143,TTCTGCT
144,GCTAGCT
145,TGAAGCT
146,ACGGTCT
147,CGTGTCT
148,TCACTCT
149,GGCCTCT
150,GAGGACT
151,AGATACT
152,CTCAACT
153,TTGCACT
154,AACCACT
155,TTAGCCT
156,GGTTCCT
157,ATGACCT
158,CATTGGA
159,GCCTGGA
160,CTGAGGA
161,TAGCGGA
162,ACTCGGA
200,CTCTCGC
163,GTACGGA
164,CGCGTGA
165,TTAATGA
166,AGGCTGA
167,GATCTGA
168,CCACTGA
169,CTAGAGA
170,GACGAGA
171,CCGTAGA
172,TTCCAGA
173,AATGCGA
174,TGCTCGA
175,TCTACGA
176,GCTGGTA
177,TCGAGTA
178,GTCAGTA
179,CGGCGTA
180,ACAGTTA
181,AGTGACA
182,TATTACA
183,CGGAACA
184,CTTCACA
185,CTGGCCA
186,ACCGCCA
187,TCATCCA
188,TTCACCA
189,TTCAGGC
190,GTCGTGC
191,CAGCTGC
192,TGTCTGC
193,ACGGAGC
194,CGTGAGC
195,TTGTAGC
196,GGCTAGC
197,GTTCAGC
198,AGCGCGC
199,GATTCGC
201,GCACCGC
202,GACGGTC
203,ACCTGTC
204,GGTAGTC
205,AATCGTC
